"Towar trwale niedostępny, wyczerpane zapasy magazynowe",Lenovo MIIX 3-1030 (80HV006APB) + stacja dokująca,849
Produkt tymczasowo niedostępny.,Lenovo Ideapad S145-15AST (81N3006XPB) - 480GB SSD | 8GB,1319
Produkt tymczasowo niedostępny.,Lenovo Ideapad S145-15AST (81N3006XPB) - 480GB SSD,1209
Produkt tymczasowo niedostępny.,Lenovo Ideapad S145-15IWL (81MV00KGPB) - 8GB,1209
Produkt tymczasowo niedostępny.,Lenovo Ideapad S145-15AST (81N300CDPB) - 8GB,1239
Produkt tymczasowo niedostępny.,Lenovo Ideapad S145-15AST (81N3006XPB) - 240GB SSD | 8GB,1199
Wysyłka w 1-3 dni,Lenovo G500C (59-395370) - 12 GB [oferta Outlet],"1224,93"
Wysyłka w 1-3 dni,Lenovo Ideapad S145-14AST (81ST002EPB) - 240GB SSD,1139
"Towar trwale niedostępny, wyczerpane zapasy magazynowe",Lenovo Ideapad S145-15IWL (81MV00KGPB),1099
Produkt tymczasowo niedostępny.,Lenovo Ideapad S145-15AST (81N3006XPB) - 8GB,1109
Produkt tymczasowo niedostępny.,Lenovo Ideapad S145-15AST (81N3006XPB) - 240GB SSD,1089
Wysyłamy najczęściej w 1 dzień roboczy,Lenovo Ideapad S145-14IWL (81MU00CXPB),1199
"Towar trwale niedostępny, wyczerpane zapasy magazynowe",Lenovo Ideapad S145-15API (81UT0067PB),1049
Produkt tymczasowo niedostępny.,Lenovo Ideapad S145-15AST (81N300CDPB),1099
"Towar trwale niedostępny, wyczerpane zapasy magazynowe",Lenovo Ideapad S145-14AST (81ST002EPB),999
Produkt tymczasowo niedostępny.,Lenovo Ideapad S145-15AST (81N3006XPB),999
Produkt tymczasowo niedostępny.,Lenovo Ideapad S145-15API (81UT0069PB),1249
Wysyłamy najczęściej w 1 dzień roboczy,Lenovo Ideapad S145-14IWL (81MU00CXPB) - 8GB,1329
"Towar trwale niedostępny, wyczerpane zapasy magazynowe",Lenovo Ideapad C340-14API (81N60055PB),1449
Produkt tymczasowo niedostępny.,Lenovo Ideapad S145-15API (81UT0068PB) - 8GB,1449
Wysyłka w 1-3 dni,Lenovo Ideapad 310-15ISK (80SM01WXPB) Biały [oferta Outlet],"1434,30"
Wysyłamy najczęściej w 1 dzień roboczy,Lenovo Ideapad S145-14IWL (81MU00CXPB) - 480GB SSD,1409
Wysyłamy najczęściej w 1 dzień roboczy,Lenovo Ideapad S145-14IWL (81MU009TPB),1449
Produkt tymczasowo niedostępny.,Lenovo Ideapad S145-15API (81UT0069PB) - 12GB,1409
Produkt tymczasowo niedostępny.,Lenovo Ideapad S145-15API (81UT0069PB) - 250GB M.2 PCIe,1429
Produkt tymczasowo niedostępny.,Lenovo Ideapad S145-15AST (81N3006YPB) - 8GB,1409
Wysyłamy najczęściej w 1 dzień roboczy,Lenovo Ideapad S145-14IWL (81MU00CYPB),1399
Wysyłamy najczęściej w 1 dzień roboczy,Lenovo Ideapad S145-14IWL (81MU00CXPB) - 240GB SSD | 8GB,1379
Produkt tymczasowo niedostępny.,Lenovo Ideapad S145-15AST (81N300CDPB) - 480GB SSD | 8GB,1399
Produkt tymczasowo niedostępny.,Lenovo Ideapad S145-15API (81UT0069PB) - 8GB,1369
Wysyłka w 1-3 dni,Lenovo Ideapad S145-15AST (81N300CEPB),1349
Produkt tymczasowo niedostępny.,Lenovo Ideapad S145-15API (81UT0068PB),1349
Produkt tymczasowo niedostępny.,Lenovo Ideapad S145-15AST (81N300CEPB) - 8GB,1459
"Towar trwale niedostępny, wyczerpane zapasy magazynowe",Lenovo Ideapad 330-15AST (81D600N3PB),1349
"Towar trwale niedostępny, wyczerpane zapasy magazynowe",Lenovo Ideapad S130-14IGM (81J2007BPB),1349
Produkt tymczasowo niedostępny.,Lenovo Ideapad S145-15AST (81N3006YPB) - 240GB SSD,1369
Produkt tymczasowo niedostępny.,Lenovo Ideapad S145-15AST (81N3006YPB) - 240GB SSD | 8GB,1479
Wysyłamy najczęściej w 1 dzień roboczy,Lenovo Ideapad S145-14IWL (81MU00D0PB),1599
Wysyłamy najczęściej w 1 dzień roboczy,Lenovo Ideapad 330-15ARR (81D200N7PB) - 8GB,1579
Wysyłamy najczęściej w 1 dzień roboczy,Lenovo Ideapad 330-15ARR (81D200N7PB) - 120GB SSD | 8GB,1589
Produkt tymczasowo niedostępny.,Lenovo Ideapad S145-15API (81UT0068PB) - 12GB,1569
Wysyłamy najczęściej w 1 dzień roboczy,Lenovo Ideapad C340-14API (81N6004DPB),1559
Wysyłamy najczęściej w 1 dzień roboczy,Lenovo Ideapad S340-14API (81NB006TPB),1549
Wysyłamy najczęściej w 1 dzień roboczy,Lenovo Ideapad C340-14IWL (81N400FAPB),1549
Produkt tymczasowo niedostępny.,Lenovo Ideapad C340-14API (81N60055PB) - 8GB,1549
Produkt tymczasowo niedostępny.,Lenovo Ideapad S145-14IWL (81MU009VPB),1549
Wysyłamy najczęściej w 1 dzień roboczy,Lenovo Ideapad 330-15ARR (81D200N7PB),1499
Wysyłamy najczęściej w 1 dzień roboczy,Lenovo Ideapad 330-15ARR (81D200N7PB) - 12GB,1699
Produkt tymczasowo niedostępny.,Lenovo Ideapad S145-15API (81UT0069PB) - 500GB M.2 PCIe,1539
Produkt tymczasowo niedostępny.,Lenovo Ideapad S145-14IWL (81MU009VPB) - 8GB,1699
Wysyłamy najczęściej w 1 dzień roboczy,Lenovo Ideapad S145-14IWL (81MU00D0PB) - 8GB,1689
Wysyłamy najczęściej w 1 dzień roboczy,Lenovo Ideapad C340-14IWL (81N400FAPB) - 240GB M.2 PCIe,1689
Wysyłamy najczęściej w 1 dzień roboczy,Lenovo Ideapad 330-15ARR (81D200N7PB) - 240GB SSD | 8GB,1679
Wysyłamy najczęściej w 1 dzień roboczy,Lenovo Ideapad C340-14IWL (81N400FAPB) - 8GB,1669
Wysyłka w 1-3 dni,Lenovo Ideapad C340-14API (81N60056PB),1649
Produkt tymczasowo niedostępny.,Lenovo Ideapad L340-17API (81LY003KPB),1649
Wysyłamy najczęściej w 1 dzień roboczy,Lenovo Ideapad S145-14IWL (81MU00CXPB) - 240GB SSD,1309
Produkt tymczasowo niedostępny.,Lenovo Ideapad S145-15AST (81N3006XPB) - Windows 10 Pro,1649
Wysyłamy najczęściej w 1 dzień roboczy,Lenovo Ideapad 330-15ARR (81D200N7PB) - 120GB SSD | 12GB,1669
Produkt tymczasowo niedostępny.,Lenovo Ideapad S145-15IWL (81MV00KHPB),1399
Wysyłamy najczęściej w 1 dzień roboczy,Lenovo Ideapad S340-14API (81NB006TPB) - 8GB,1639
Wysyłamy najczęściej w 1 dzień roboczy,Lenovo Ideapad 330-15ARR (81D200N7PB) - 240GB SSD,1609
"Towar trwale niedostępny, wyczerpane zapasy magazynowe",Lenovo V155-15API (81V50015PB),1499
Produkt tymczasowo niedostępny.,Lenovo Ideapad S145-15API (81UT0069PB) - 250GB M.2 PCIe + 1TB HDD,1639
Produkt tymczasowo niedostępny.,Lenovo Ideapad S145-15AST (81N3006YPB) - 480GB SSD,1499
"Towar trwale niedostępny, wyczerpane zapasy magazynowe",Lenovo Ideapad 330-15AST (81D600N3PB) - 240GB SSD | 8GB,1499
"Towar trwale niedostępny, wyczerpane zapasy magazynowe",Lenovo Ideapad S145-15API (81UT0068PB) - 128GB M.2 PCIe + 1TB HDD | 8GB,1619
Wysyłamy najczęściej w 1 dzień roboczy,Lenovo Ideapad S145-14IWL (81MU00CXPB) - 480GB SSD | 8GB,1479
Wysyłamy najczęściej w 1 dzień roboczy,Lenovo Ideapad S340-15IWL (81N800KYPB),1599
Produkt tymczasowo niedostępny.,Lenovo Ideapad S145-15AST (81N3006YPB) - 480GB SSD | 8GB,1609
Produkt tymczasowo niedostępny.,Lenovo Ideapad S145-15AST (81N300CDPB) - 480GB SSD,1259
Produkt tymczasowo niedostępny.,Lenovo Ideapad 330-17AST (81D70075PB),1499
Wysyłamy najczęściej w 1 dzień roboczy,Lenovo Ideapad 330-15ARR (81D200N7PB) - 120GB SSD,1489
Produkt tymczasowo niedostępny.,Lenovo Ideapad S145-15AST (81N3006YPB),1249
Produkt tymczasowo niedostępny.,Lenovo Ideapad S145-15API (81UT0068PB) - 128GB M.2 PCIe + 1TB HDD,1609
